{"cameraMode":{"drawMode":0,"name":"Shaded","section":"Shading Mode"},"sceneLighting":false,"audioPlay":false,"sceneViewState":{"m_AlwaysRefresh":false,"showFog":true,"showSkybox":false,"showFlares":true,"showImageEffects":true,"showParticleSystems":true,"showVisualEffectGraphs":true,"m_FxEnabled":true},"in2DMode":false,"pivot":{"x":-0.5261373519897461,"y":0.8781019449234009,"z":-0.2818780541419983},"rotation":{"x":0.0770721510052681,"y":0.6969614624977112,"z":-0.07578132301568985,"w":0.7087746858596802},"size":0.5473197102546692,"orthographic":false}