{"cameraMode":{"drawMode":0,"name":"Shaded","section":"Shading Mode"},"sceneLighting":true,"audioPlay":false,"sceneViewState":{"m_AlwaysRefresh":false,"showFog":true,"showSkybox":false,"showFlares":true,"showImageEffects":true,"showParticleSystems":true,"showVisualEffectGraphs":true,"m_FxEnabled":true},"in2DMode":false,"pivot":{"x":0.10198646783828736,"y":0.7409486770629883,"z":-0.04701662063598633},"rotation":{"x":0.1539393663406372,"y":0.6754599809646606,"z":-0.14740538597106934,"w":0.7057367563247681},"size":3.288567304611206,"orthographic":false}