{"cameraMode":{"drawMode":0,"name":"Shaded","section":"Shading Mode"},"sceneLighting":false,"audioPlay":false,"sceneViewState":{"m_AlwaysRefresh":false,"showFog":true,"showSkybox":false,"showFlares":true,"showImageEffects":true,"showParticleSystems":true,"showVisualEffectGraphs":true,"m_FxEnabled":true},"in2DMode":false,"pivot":{"x":-24.52849006652832,"y":0.6392045021057129,"z":-3.6063058376312258},"rotation":{"x":0.10062366724014282,"y":0.007455560844391584,"z":-0.0006071836105547845,"w":0.9947702288627625},"size":0.5823310017585754,"orthographic":false}