{"cameraMode":{"drawMode":0,"name":"Shaded","section":"Shading Mode"},"sceneLighting":false,"audioPlay":false,"sceneViewState":{"m_AlwaysRefresh":false,"showFog":true,"showSkybox":false,"showFlares":true,"showImageEffects":true,"showParticleSystems":true,"showVisualEffectGraphs":true,"m_FxEnabled":true},"in2DMode":false,"pivot":{"x":-2.837507724761963,"y":0.2661789357662201,"z":-2.9045867919921877},"rotation":{"x":0.05655648186802864,"y":0.4000672996044159,"z":-0.02481544390320778,"w":0.9142484068870544},"size":0.008679104037582875,"orthographic":false}