{"cameraMode":{"drawMode":0,"name":"Shaded","section":"Shading Mode"},"sceneLighting":false,"audioPlay":false,"sceneViewState":{"m_AlwaysRefresh":false,"showFog":true,"showSkybox":false,"showFlares":true,"showImageEffects":true,"showParticleSystems":true,"showVisualEffectGraphs":true,"m_FxEnabled":true},"in2DMode":false,"pivot":{"x":-26.828718185424806,"y":-0.35161298513412478,"z":0.41752785444259646},"rotation":{"x":0.35022884607315066,"y":0.5977206230163574,"z":-0.32510414719581606,"w":0.6434651017189026},"size":0.8660253882408142,"orthographic":false}