{"cameraMode":{"drawMode":0,"name":"Shaded","section":"Shading Mode"},"sceneLighting":true,"audioPlay":false,"sceneViewState":{"m_AlwaysRefresh":false,"showFog":true,"showSkybox":true,"showFlares":true,"showImageEffects":true,"showParticleSystems":true,"showVisualEffectGraphs":true,"m_FxEnabled":true},"in2DMode":false,"pivot":{"x":-7.608924388885498,"y":-11.487865447998047,"z":-0.45152154564857485},"rotation":{"x":0.2013045847415924,"y":0.6799662113189697,"z":-0.20278409123420716,"w":0.6751036643981934},"size":12.124356269836426,"orthographic":false}