{"cameraMode":{"drawMode":0,"name":"Shaded","section":"Shading Mode"},"sceneLighting":false,"audioPlay":false,"sceneViewState":{"m_AlwaysRefresh":false,"showFog":true,"showSkybox":false,"showFlares":true,"showImageEffects":true,"showParticleSystems":true,"showVisualEffectGraphs":true,"m_FxEnabled":true},"in2DMode":false,"pivot":{"x":-24.132986068725587,"y":0.7159223556518555,"z":-0.5276728868484497},"rotation":{"x":0.26027610898017886,"y":0.46104010939598086,"z":-0.1434902846813202,"w":0.8359684348106384},"size":0.7370400428771973,"orthographic":false}